{"cameraMode":{"drawMode":0,"name":"Shaded","section":"Shading Mode"},"sceneLighting":true,"audioPlay":false,"sceneViewState":{"showFog":true,"showMaterialUpdate":false,"showSkybox":true,"showFlares":true,"showImageEffects":true,"showParticleSystems":true},"in2DMode":false,"pivot":{"x":-11.697887420654297,"y":-11.26357364654541,"z":13.910100936889649},"rotation":{"x":-0.2537536025047302,"y":0.24954140186309815,"z":-0.06793804466724396,"w":-0.9320529699325562},"size":44.39835739135742,"orthographic":false}